29Health+Economics+PracticeHistoryHistory+-+International+RelationsHistory+-+Medieval+HistoryHistory+-+Medieval+History+MAHistory+of+ArtIrish+FolkloreIrish+Studies%3A+Identities+and+RepresentationsItalianLandscape%2C+Built+Heritage+and+Design+%28MA%29Languages+-+Advanced+Languages+and+Global+CommunicationLanguages+and+Cultures+%28MA%29LLM+%28Intellectual+Property+and+E-law%29+MAMA+Digital+Arts+and+HumanitiesModern+IrishMuseum+Studies+%28MA%29Music+-+Composition+%28MA%29Music+and+Cultural+HistoryMusic+MAPhilosophy+%28HDip+in+Arts%29Philosophy+%28MA%29Philosophy+%28PG+Dip%29Planning+and+Sustainable+DevelopmentPolitics+%28HDip+in+Arts%29Politics+%28MA%29Psychological+Research+Methods+%28MA%29Psychology+%28conversion+course%29Social+PolicySocial+Policy+%28HDip%29Social+Work+%28MSW%29Social+Work+StudiesSociology+%28HDip+in+Arts%29Sociology+%28MA%29Sociology+of+Development+and+GlobalisationSpanishStrategic+Studies+%28Online%29+%28MA%29Study+of+ReligionsThe+Beginnings+of+Irish+Christianity+%28MA%29The+Irish+Revolution%2C+1912-1923Translation+StudiesWomen%E2%80%99s+StudiesYouth+Work+with+Community+Arts+and+Sports+Studies+%28MSocSc%29College+of+Business+%26amp%3B+LawAccounting+and+Corporate+FinanceEconomics+%E2%80%93+Health+Economics+Practice+%28Online%29Law+%28LLB%29LLM+%E2%80%93+Business+LawLLM+%28Child+and+Family+Law%29LLM+%28Criminal+Justice%29LLM+%28International+Human+Rights+Law+and+Public+Policy%29LLM+%28Mode+A%29LLM+%28Practitioner%29MA+-+Chinese+-+Contemporary+Chinese+Culture+and+BusinessMAcc+%28Masters+in+Accounting%29Masters+Qualifying+Examination+%28Business%29MSc+-+Food+BusinessMSc+%28Business+Economics%29MSc+%28Business+Information+Systems%29MSc+%28Co-operative+and+Social+Enterprise%29+%28by+distance+learning%29MSc+%28Corporate+Finance%29MSc+%28Electronic+Business%29MSc+%28Food+Marketing%29MSc+%28Government%29MSc+%28Information+Systems+for+Business+Performance%29MSc+%28Innovation+in+European+Business%29MSc+%28Innovation%2C+Commercialisation+and+Entrepreneurship%29MSc+%28International+Public+Policy+%26amp%3B+DiplomacyMSc+%28Management+%26amp%3B+Marketing%29MSc+%28Management+Information+and+Managerial+Accounting+Systems%29MSc+Asset+ManagementMSc+Financial+EconomicsMSc+Health+EconomicsCollege+of+Medicine+%26amp%3B+HealthDental+Public+Health+%28MDPH%29Evidence+Based+Therapy+Practice+%28MSc%29Midwifery+%28Dip%29MSC+Midwifery+%28MSc%29Nursing+-+Cardiac+and+Intensive+Care+Nursing+%28PG+Dip%2FMSc%29Nursing+-+Gerontological+Nursing+%28PG+Dip%2FMSc%29Nursing+-+Medical+Surgical+Nursing+%28PG+Dip%2FMSc%29Nursing+-+Orthopaedic+Nursing+%28PG+Dip%2FMSc%29Nursing+-+Peri-operative+Nursing+%28PG+Dip%2FMSc%29Nursing+%28Non-EU+Applicants%29+%28MSc%29Obstetrics+and+Gynaecology+%28MSc%29Occupational+Health+%28Online%29+%28MSc%29Older+Person+Rehabilitation+%28MSc%29Older+Person+Rehabilitation+%28PG+Dip%29Public+Health+%28MPH%29Public+Health+%28Online+Programme%29+%28MPH%29Public+Health+Nursing+%28PG+Dip%29College+of+Science%2C+Engineering+%26amp%3B+Food+ScienceActuarial+ScienceAnalytical+ChemistryApplied+Computing+TechnologyArchitectureBiology+-+Bioinformatics+with+Computational+BiologyBiotechnologyChemistry+%E2%80%93+Analysis+of+Pharmaceutical+CompoundsComputing+ScienceCooperative+Organisation%2C+Food+Marketing+and+Rural+DevelopmentData+Science+and+AnalyticsEcological+Assessment+%28PG+Dip%29Ecology+-+Ecological+Assessment+%28MSc%29Education+Science+%28Post-Primary%29+%28MEd%29Electrical+and+Electronic+Engineering+%28MEngSc%29Exploration+in+Field+GeologyFood+BusinessFood+MicrobiologyFood+Science+and+TechnologyFood+Science+MAGeographical+Information+Systems+%26amp%3B+Remote+SensingInformation+Technology+in+Architecture+Engineering+%26amp%3B+ConstructionInteractive+MediaMarine+BiologyMarine+Renewable+Energy+%28MEngSc%29Mathematical+Modelling+%26amp%3B+Scientific+ComputingMechanical+Engineering+%28Manufacturing%2C+Process+and+Automated+Systems%29Molecular+Cell+Biology+with+BioinnovationPharmaceutical+and+Biopharmaceutical+Engineering+%28MEngSc%29StatisticsSustainable+Energy&picture=https%3A%2F%2Fstudy.edu.eu%2Fwp-content%2Fuploads%2Flisting-uploads%2Flogo%2F2020%2F10%2F7lUFZ8mJ_400x400.jpg)*[__Twitter](https://twitter.com/share?text=University+College+Cork&url=https%3A%2F%2Fstudy.edu.eu%2Fireland%2Funiversities%2Funiversity-college-cork-2%2F)*[__WhatsApp](https://api.whatsapp.com/send?text=University+College+Cork+https%3A%2F%2Fstudy.edu.eu%2Fireland%2Funiversities%2Funiversity-college-cork-2%2F)*[__Telegram](https://telegram.me/share/url?url=https://study.edu.eu/ireland/universities/university-college-cork-2/&text=University%20College%20Cork)*[__Pinterest](https://pinterest.com/pin/create/button/?url=https%3A%2F%2Fstudy.edu.eu%2Fireland%2Funiversities%2Funiversity-college-cork-2%2F&media=https%3A%2F%2Fstudy.edu.eu%2Fwp-content%2Fuploads%2Flisting-uploads%2Flogo%2F2020%2F10%2F7lUFZ8mJ_400x400.jpg&description=University+College+Cork)*[__LinkedIn](https://www.linkedin.com/shareArticle?mini=true&url=https%3A%2F%2Fstudy.edu.eu%2Fireland%2Funiversities%2Funiversity-college-cork-2%2F&title=University+College+Cork)*[__Tumblr](https://www.tumblr.com/share?v=3&u=https%3A%2F%2Fstudy.edu.eu%2Fireland%2Funiversities%2Funiversity-college-cork-2%2F&t=University+College+Cork)*[__VKontakte](https://vk.com/share.php?url=https%3A%2F%2Fstudy.edu.eu%2Fireland%2Funiversities%2Funiversity-college-cork-2%2F&title=University+College+Cork)*[__Mail](/cdn-cgi/l/email-protection#734c000611191610074e564631200706170a5641431a1d5641433606011c0316564637564143261d1a051601001a070a564143301c1f1f161416564143301c0118555043404b48111c170a4e1b07070300564032564135564135000706170a5d1617065d16065641351a01161f121d17564135061d1a051601001a071a1600564135061d1a051601001a070a5e101c1f1f1614165e101c01185e41564135)*[__Copylink](https://study.edu.eu/ireland/universities/university-college-cork-2/``Copylink'')